{"custno": 1,"firstname": "Dai","lastname": "Noble","gender": 2,"age": 53,"profession": "Human Resources","contactNo": "1644101928099","emailId": "eu.lacus.Quisque@loremac.com","city": "Berlin","state": "Berlin","isActive": 1,"createdDate": "2017-03-01","UpdatedDate": "2018-08-25"}
{"custno": 2,"firstname": "Kay","lastname": "Wise","gender": 2,"age": 26,"profession": "Public Relations","contactNo": "1674031917099","emailId": "ridiculus@Sednunc.ca","city": "Oldenzaal","state": "Overijssel","isActive": 2,"createdDate": "2017-04-10","UpdatedDate": "2018-08-30"}
{"custno": 3,"firstname": "Amir","lastname": "Pace","gender": 1,"age": 43,"profession": "Customer Relations","contactNo": "1636050509999","emailId": "quam.Pellentesque@erat.edu","city": "Cobourg","state": "Ontario","isActive": 2,"createdDate": "2017-03-04","UpdatedDate": "2018-09-18"}
{"custno": 4,"firstname": "Sebastian","lastname": "Lopez","gender": 2,"age": 32,"profession": "Customer Relations","contactNo": "1666010108899","emailId": "magna@venenatis.net","city": "Te Awamutu","state": "NI","isActive": 1,"createdDate": "2016-12-17","UpdatedDate": "2018-09-12"}
{"custno": 5,"firstname": "Brian","lastname": "Maddox","gender": 1,"age": 40,"profession": "Quality Assurance","contactNo": "1646080399299","emailId": "ac.facilisis@Duis.com","city": "Greater Sudbury","state": "Ontario","isActive": 2,"createdDate": "2017-02-18","UpdatedDate": "2018-05-13"}
{"custno": 6,"firstname": "Abigail","lastname": "Fields","gender": 1,"age": 65,"profession": "Payroll","contactNo": "1656050459899","emailId": "arcu.Sed@Crasegetnisi.co.uk","city": "Belfast","state": "U","isActive": 1,"createdDate": "2017-03-10","UpdatedDate": "2018-01-09"}
{"custno": 7,"firstname": "Abraham","lastname": "Silva","gender": 2,"age": 39,"profession": "Accounting","contactNo": "1694050548699","emailId": "dui.Cras.pellentesque@ut.ca","city": "San José de Alajuela","state": "Alajuela","isActive": 1,"createdDate": "2016-12-07","UpdatedDate": "2017-07-05"}
{"custno": 8,"firstname": "Kirsten","lastname": "Maddox","gender": 2,"age": 41,"profession": "Advertising","contactNo": "1663080395099","emailId": "purus.mauris@dictumeueleifend.co.uk","city": "Chełm","state": "LU","isActive": 1,"createdDate": "2016-12-31","UpdatedDate": "2018-02-14"}
{"custno": 9,"firstname": "Marsden","lastname": "Delacruz","gender": 2,"age": 31,"profession": "Public Relations","contactNo": "1603051755499","emailId": "risus.varius.orci@eunibh.ca","city": "Stockholm","state": "AB","isActive": 1,"createdDate": "2017-05-03","UpdatedDate": "2018-10-29"}
{"custno": 10,"firstname": "Fatima","lastname": "Pugh","gender": 1,"age": 24,"profession": "Sales and Marketing","contactNo": "1670091473599","emailId": "semper@Maurisvestibulum.com","city": "Mont-de-Marsan","state": "Aquitaine","isActive": 1,"createdDate": "2016-12-02","UpdatedDate": "2018-07-06"}
{"custno": 11,"firstname": "Debra","lastname": "Klein","gender": 1,"age": 31,"profession": "Tech Support","contactNo": "1653091955099","emailId": "amet.lorem.semper@eliteratvitae.org","city": "Thorold","state": "Ontario","isActive": 2,"createdDate": "2017-01-06","UpdatedDate": "2018-10-05"}
{"custno": 12,"firstname": "Barbara","lastname": "Emerson","gender": 1,"age": 56,"profession": "Asset Management","contactNo": "1687080468199","emailId": "pharetra.felis@euismod.net","city": "Cincinnati","state": "OH","isActive": 2,"createdDate": "2017-02-28","UpdatedDate": "2018-10-09"}
{"custno": 13,"firstname": "Malik","lastname": "Phelps","gender": 2,"age": 49,"profession": "Payroll","contactNo": "1690052552199","emailId": "Etiam@Sed.com","city": "Louisville","state": "Kentucky","isActive": 2,"createdDate": "2017-05-26","UpdatedDate": "2018-10-08"}
{"custno": 14,"firstname": "Brooke","lastname": "English","gender": 1,"age": 47,"profession": "Advertising","contactNo": "1664060525999","emailId": "nonummy.ac.feugiat@justo.com","city": "San Rafael Abajo","state": "San José","isActive": 1,"createdDate": "2017-03-16","UpdatedDate": "2018-02-26"}
{"custno": 15,"firstname": "Salvador","lastname": "Lewis","gender": 1,"age": 41,"profession": "Research and Development","contactNo": "1654012394899","emailId": "ultrices.sit@Praesenteu.co.uk","city": "Cabrero","state": "Biobío","isActive": 1,"createdDate": "2017-02-01","UpdatedDate": "2017-07-03"}
{"custno": 16,"firstname": "Jason","lastname": "Mcmahon","gender": 1,"age": 63,"profession": "Human Resources","contactNo": "1670022929399","emailId": "gravida.sagittis@egetnisi.co.uk","city": "Getafe","state": "Madrid","isActive": 2,"createdDate": "2017-02-09","UpdatedDate": "2018-03-02"}
{"custno": 17,"firstname": "Veda","lastname": "Lewis","gender": 2,"age": 54,"profession": "Sales and Marketing","contactNo": "1631080892399","emailId": "nisi.sem.semper@et.edu","city": "Vienna","state": "Wie","isActive": 1,"createdDate": "2017-04-24","UpdatedDate": "2018-03-01"}
{"custno": 18,"firstname": "Aspen","lastname": "Castaneda","gender": 2,"age": 50,"profession": "Advertising","contactNo": "1600020563699","emailId": "urna.suscipit.nonummy@sem.org","city": "Kerikeri","state": "NI","isActive": 1,"createdDate": "2017-05-07","UpdatedDate": "2018-05-14"}
{"custno": 19,"firstname": "Moses","lastname": "Hurst","gender": 1,"age": 65,"profession": "Customer Service","contactNo": "1638122456899","emailId": "eleifend.nunc@justo.ca","city": "Waterbury","state": "CT","isActive": 2,"createdDate": "2017-02-20","UpdatedDate": "2018-05-01"}
{"custno": 20,"firstname": "Clayton","lastname": "Perry","gender": 2,"age": 56,"profession": "Media Relations","contactNo": "1646050449899","emailId": "pellentesque.a.facilisis@Nuncac.org","city": "Modinagar","state": "UP","isActive": 2,"createdDate": "2017-01-18","UpdatedDate": "2017-12-14"}
{"custno": 21,"firstname": "Fredericka","lastname": "Oconnor","gender": 2,"age": 26,"profession": "Asset Management","contactNo": "1601050477699","emailId": "nec.mauris.blandit@dictummagnaUt.co.uk","city": "Getafe","state": "Madrid","isActive": 1,"createdDate": "2016-12-23","UpdatedDate": "2017-08-19"}
{"custno": 22,"firstname": "Hector","lastname": "Mckay","gender": 1,"age": 30,"profession": "Finances","contactNo": "1637031633299","emailId": "sit.amet@nisi.com","city": "Piła","state": "WP","isActive": 1,"createdDate": "2017-05-27","UpdatedDate": "2017-08-09"}
{"custno": 23,"firstname": "Samson","lastname": "Blake","gender": 1,"age": 64,"profession": "Sales and Marketing","contactNo": "1662041000299","emailId": "risus.Morbi.metus@quislectusNullam.ca","city": "Olsztyn","state": "WM","isActive": 1,"createdDate": "2017-05-01","UpdatedDate": "2018-04-06"}
{"custno": 24,"firstname": "Kelsey","lastname": "Waller","gender": 2,"age": 34,"profession": "Finances","contactNo": "1617102108199","emailId": "Curabitur@nuncQuisque.org","city": "Bremen","state": "HB","isActive": 2,"createdDate": "2017-01-03","UpdatedDate": "2018-04-27"}
{"custno": 25,"firstname": "Kirk","lastname": "Harmon","gender": 2,"age": 43,"profession": "Research and Development","contactNo": "1657101961999","emailId": "natoque.penatibus@semNullainterdum.com","city": "Kano","state": "KN","isActive": 2,"createdDate": "2017-02-27","UpdatedDate": "2018-02-06"}
{"custno": 26,"firstname": "Briar","lastname": "Waters","gender": 1,"age": 44,"profession": "Tech Support","contactNo": "1670092321599","emailId": "dictum.eleifend.nunc@necorciDonec.edu","city": "Torrejón de Ardoz","state": "MA","isActive": 2,"createdDate": "2017-05-07","UpdatedDate": "2018-02-19"}
{"custno": 27,"firstname": "Ann","lastname": "Thornton","gender": 1,"age": 43,"profession": "Public Relations","contactNo": "1668031951399","emailId": "hendrerit@risusNunc.ca","city": "Akron","state": "Ohio","isActive": 2,"createdDate": "2017-03-15","UpdatedDate": "2018-01-11"}
{"custno": 28,"firstname": "Maris","lastname": "Beck","gender": 1,"age": 36,"profession": "Advertising","contactNo": "1680022066899","emailId": "aliquet.lobortis@utmi.ca","city": "Cartago","state": "C","isActive": 2,"createdDate": "2017-05-19","UpdatedDate": "2018-09-11"}
{"custno": 29,"firstname": "Francesca","lastname": "Hill","gender": 1,"age": 41,"profession": "Customer Relations","contactNo": "1639120985799","emailId": "orci.lacus@non.com","city": "Montpelier","state": "Vermont","isActive": 1,"createdDate": "2017-04-09","UpdatedDate": "2018-10-22"}
{"custno": 30,"firstname": "Charlotte","lastname": "Pollard","gender": 1,"age": 59,"profession": "Human Resources","contactNo": "1650051858899","emailId": "facilisis.eget.ipsum@egestasSedpharetra.co.uk","city": "Móstoles","state": "MA","isActive": 1,"createdDate": "2016-12-26","UpdatedDate": "2018-05-16"}
{"custno": 31,"firstname": "Quinn","lastname": "Cruz","gender": 2,"age": 60,"profession": "Advertising","contactNo": "1666022083999","emailId": "nibh.enim@etmagna.edu","city": "Etobicoke","state": "ON","isActive": 1,"createdDate": "2016-12-13","UpdatedDate": "2018-10-05"}
{"custno": 32,"firstname": "Tasha","lastname": "Barton","gender": 2,"age": 22,"profession": "Human Resources","contactNo": "1646070539899","emailId": "Duis.risus@Namconsequat.org","city": "Badajoz","state": "Extremadura","isActive": 2,"createdDate": "2017-04-07","UpdatedDate": "2017-09-26"}
{"custno": 33,"firstname": "Candace","lastname": "Chan","gender": 2,"age": 28,"profession": "Customer Service","contactNo": "1693112239299","emailId": "ante.dictum@aceleifendvitae.net","city": "Feilding","state": "North Island","isActive": 1,"createdDate": "2017-04-01","UpdatedDate": "2018-05-10"}
{"custno": 34,"firstname": "Gregory","lastname": "Stanton","gender": 2,"age": 29,"profession": "Research and Development","contactNo": "1679070209599","emailId": "consectetuer@Lorem.edu","city": "Shipshaw","state": "QC","isActive": 1,"createdDate": "2017-05-29","UpdatedDate": "2017-08-09"}
{"custno": 35,"firstname": "Tyler","lastname": "Moon","gender": 2,"age": 25,"profession": "Tech Support","contactNo": "1625032095399","emailId": "non@Nullam.com","city": "Vienna","state": "Wie","isActive": 1,"createdDate": "2016-12-17","UpdatedDate": "2017-09-07"}
{"custno": 36,"firstname": "Xandra","lastname": "Holt","gender": 2,"age": 41,"profession": "Finances","contactNo": "1668031049999","emailId": "montes.nascetur@laoreetposuereenim.edu","city": "Rutland","state": "Vermont","isActive": 1,"createdDate": "2017-04-14","UpdatedDate": "2017-12-22"}
{"custno": 37,"firstname": "Cathleen","lastname": "Mcintosh","gender": 1,"age": 35,"profession": "Tech Support","contactNo": "1614061249399","emailId": "in.lobortis.tellus@Praesent.net","city": "Turrialba","state": "C","isActive": 2,"createdDate": "2017-02-05","UpdatedDate": "2018-04-01"}
{"custno": 38,"firstname": "Driscoll","lastname": "Walls","gender": 2,"age": 64,"profession": "Customer Relations","contactNo": "1650102736599","emailId": "metus.sit@cursuset.net","city": "San Diego","state": "C","isActive": 1,"createdDate": "2017-05-11","UpdatedDate": "2018-06-08"}
{"custno": 39,"firstname": "Melvin","lastname": "Owen","gender": 1,"age": 22,"profession": "Customer Service","contactNo": "1658022085599","emailId": "purus.gravida@Sedpharetrafelis.ca","city": "Ledbury","state": "HE","isActive": 2,"createdDate": "2017-04-17","UpdatedDate": "2018-08-21"}
{"custno": 40,"firstname": "Jarrod","lastname": "Hewitt","gender": 1,"age": 42,"profession": "Tech Support","contactNo": "1695100743499","emailId": "facilisis.lorem.tristique@aliquet.edu","city": "Dublin","state": "Leinster","isActive": 2,"createdDate": "2017-01-19","UpdatedDate": "2018-06-30"}
{"custno": 41,"firstname": "Maris","lastname": "Woods","gender": 2,"age": 29,"profession": "Quality Assurance","contactNo": "1663010566799","emailId": "congue.a.aliquet@maurisblandit.ca","city": "Ipswich","state": "Queensland","isActive": 2,"createdDate": "2017-03-20","UpdatedDate": "2017-11-29"}
{"custno": 42,"firstname": "Jorden","lastname": "David","gender": 1,"age": 62,"profession": "Human Resources","contactNo": "1619012204099","emailId": "aliquet.odio@enim.com","city": "Cedar Rapids","state": "Iowa","isActive": 2,"createdDate": "2016-12-08","UpdatedDate": "2018-11-22"}
{"custno": 43,"firstname": "Cassady","lastname": "Franco","gender": 2,"age": 52,"profession": "Legal Department","contactNo": "1610091101699","emailId": "magna.a.neque@urnaNuncquis.net","city": "Curanilahue","state": "VII","isActive": 2,"createdDate": "2017-05-29","UpdatedDate": "2018-01-21"}
{"custno": 44,"firstname": "Emily","lastname": "Ellison","gender": 1,"age": 35,"profession": "Public Relations","contactNo": "1667121471999","emailId": "ut.quam.vel@egestasFuscealiquet.com","city": "Tumbler Ridge","state": "BC","isActive": 1,"createdDate": "2016-11-29","UpdatedDate": "2017-12-16"}
{"custno": 45,"firstname": "Zachery","lastname": "Blackburn","gender": 1,"age": 26,"profession": "Tech Support","contactNo": "1628082931899","emailId": "urna.suscipit@metus.ca","city": "Koolkerke","state": "WV","isActive": 2,"createdDate": "2016-12-18","UpdatedDate": "2018-09-04"}
{"custno": 46,"firstname": "Ralph","lastname": "Franks","gender": 1,"age": 57,"profession": "Human Resources","contactNo": "1671010310599","emailId": "Ut@acarcu.edu","city": "Vienna","state": "Vienna","isActive": 1,"createdDate": "2017-02-22","UpdatedDate": "2018-06-06"}
{"custno": 47,"firstname": "Thor","lastname": "Atkins","gender": 2,"age": 56,"profession": "Legal Department","contactNo": "1629050639699","emailId": "dui.Cum@IntegermollisInteger.com","city": "Burlington","state": "Ontario","isActive": 2,"createdDate": "2017-03-27","UpdatedDate": "2018-08-26"}
{"custno": 48,"firstname": "Lila","lastname": "Dorsey","gender": 2,"age": 65,"profession": "Finances","contactNo": "1659092797699","emailId": "risus@eutellus.co.uk","city": "Lo Prado","state": "Metropolitana de Santiago","isActive": 2,"createdDate": "2017-05-25","UpdatedDate": "2018-08-04"}
{"custno": 49,"firstname": "Gisela","lastname": "Dudley","gender": 1,"age": 29,"profession": "Tech Support","contactNo": "1674080438799","emailId": "pede.blandit@etnetus.org","city": "Istres","state": "Provence-Alpes-Côte d'Azur","isActive": 2,"createdDate": "2016-12-01","UpdatedDate": "2018-03-21"}
{"custno": 50,"firstname": "Silas","lastname": "Lloyd","gender": 1,"age": 58,"profession": "Media Relations","contactNo": "1636071418699","emailId": "dictum.cursus.Nunc@eleifendvitae.co.uk","city": "Allentown","state": "PA","isActive": 1,"createdDate": "2017-04-22","UpdatedDate": "2017-08-24"}
{"custno": 51,"firstname": "Jescie","lastname": "Bullock","gender": 2,"age": 55,"profession": "Customer Service","contactNo": "1670071606399","emailId": "tristique.aliquet@Aliquam.com","city": "Aguacaliente (San Francisco)","state": "Cartago","isActive": 2,"createdDate": "2017-04-26","UpdatedDate": "2017-12-13"}
{"custno": 52,"firstname": "Heidi","lastname": "Stephens","gender": 1,"age": 20,"profession": "Accounting","contactNo": "1667010301399","emailId": "lacinia.Sed@elitpharetraut.net","city": "Borås","state": "O","isActive": 1,"createdDate": "2017-04-14","UpdatedDate": "2017-08-07"}
{"custno": 53,"firstname": "Justina","lastname": "Harrington","gender": 2,"age": 25,"profession": "Payroll","contactNo": "1697101410499","emailId": "ut.erat@duinec.edu","city": "Napier","state": "North Island","isActive": 2,"createdDate": "2017-02-14","UpdatedDate": "2018-10-03"}
{"custno": 54,"firstname": "Cherokee","lastname": "Mcpherson","gender": 1,"age": 61,"profession": "Research and Development","contactNo": "1604060602999","emailId": "nec@eu.co.uk","city": "Motala","state": "E","isActive": 2,"createdDate": "2016-12-01","UpdatedDate": "2018-01-30"}
{"custno": 55,"firstname": "Ralph","lastname": "Thornton","gender": 1,"age": 20,"profession": "Sales and Marketing","contactNo": "1614101501499","emailId": "nec.tempus.scelerisque@inconsequat.net","city": "Whitchurch","state": "Shropshire","isActive": 2,"createdDate": "2017-02-12","UpdatedDate": "2017-12-16"}
{"custno": 56,"firstname": "Skyler","lastname": "Pace","gender": 2,"age": 58,"profession": "Customer Service","contactNo": "1649071496999","emailId": "ac.risus@vitaesodalesat.edu","city": "Clarksville","state": "Tennessee","isActive": 2,"createdDate": "2016-12-07","UpdatedDate": "2017-08-13"}
{"custno": 57,"firstname": "Chava","lastname": "Odonnell","gender": 1,"age": 57,"profession": "Media Relations","contactNo": "1610120738899","emailId": "placerat@consectetuer.edu","city": "Reading","state": "PA","isActive": 2,"createdDate": "2017-03-25","UpdatedDate": "2018-08-04"}
{"custno": 58,"firstname": "Garrett","lastname": "Leonard","gender": 1,"age": 25,"profession": "Payroll","contactNo": "1616121577199","emailId": "fringilla.ornare.placerat@Proinegetodio.com","city": "Radom","state": "MA","isActive": 2,"createdDate": "2017-04-22","UpdatedDate": "2018-02-16"}
{"custno": 59,"firstname": "Macey","lastname": "Travis","gender": 2,"age": 60,"profession": "Human Resources","contactNo": "1693032524199","emailId": "Proin.eget@congue.ca","city": "Mauá","state": "São Paulo","isActive": 2,"createdDate": "2017-05-06","UpdatedDate": "2018-04-27"}
{"custno": 60,"firstname": "Hu","lastname": "Huff","gender": 2,"age": 29,"profession": "Human Resources","contactNo": "1611060519899","emailId": "congue@ridiculusmus.org","city": "Aubervilliers","state": "IL","isActive": 2,"createdDate": "2017-03-21","UpdatedDate": "2017-10-18"}
{"custno": 61,"firstname": "Juliet","lastname": "Vega","gender": 1,"age": 35,"profession": "Accounting","contactNo": "1621020827299","emailId": "ante.ipsum@est.ca","city": "Stargard Szczeciński","state": "Zachodniopomorskie","isActive": 1,"createdDate": "2017-05-22","UpdatedDate": "2017-08-06"}
{"custno": 62,"firstname": "Angela","lastname": "Pratt","gender": 1,"age": 36,"profession": "Legal Department","contactNo": "1606120925699","emailId": "Vivamus@tempusscelerisquelorem.co.uk","city": "Regina","state": "Saskatchewan","isActive": 1,"createdDate": "2017-04-14","UpdatedDate": "2018-05-16"}
{"custno": 63,"firstname": "Lawrence","lastname": "Dawson","gender": 2,"age": 38,"profession": "Media Relations","contactNo": "1633010950999","emailId": "purus.accumsan@lacinia.co.uk","city": "Kenosha","state": "Wisconsin","isActive": 1,"createdDate": "2017-03-09","UpdatedDate": "2018-02-21"}
{"custno": 64,"firstname": "Beverly","lastname": "Lara","gender": 1,"age": 20,"profession": "Customer Relations","contactNo": "1640081340099","emailId": "mauris@Phaselluselit.org","city": "Spijkenisse","state": "Z.","isActive": 2,"createdDate": "2017-01-27","UpdatedDate": "2017-10-11"}
{"custno": 65,"firstname": "Graham","lastname": "Nichols","gender": 2,"age": 65,"profession": "Finances","contactNo": "1611090109299","emailId": "amet@consectetuereuismod.co.uk","city": "Goes","state": "Zl","isActive": 2,"createdDate": "2017-03-27","UpdatedDate": "2018-01-14"}
{"custno": 66,"firstname": "Rosalyn","lastname": "Hodges","gender": 2,"age": 21,"profession": "Research and Development","contactNo": "1696013020099","emailId": "aliquam.eu.accumsan@montes.co.uk","city": "Orange","state": "NSW","isActive": 2,"createdDate": "2017-03-26","UpdatedDate": "2017-07-17"}
{"custno": 67,"firstname": "Zeus","lastname": "Gray","gender": 1,"age": 39,"profession": "Advertising","contactNo": "1695080101599","emailId": "Phasellus.dolor.elit@duilectusrutrum.ca","city": "Loksbergen","state": "L.","isActive": 1,"createdDate": "2017-04-17","UpdatedDate": "2018-08-28"}
{"custno": 68,"firstname": "Carter","lastname": "Crosby","gender": 2,"age": 28,"profession": "Legal Department","contactNo": "1682050687299","emailId": "lobortis.risus@porttitortellusnon.net","city": "Florianópolis","state": "Santa Catarina","isActive": 2,"createdDate": "2016-12-13","UpdatedDate": "2017-10-30"}
{"custno": 69,"firstname": "Jasper","lastname": "Conner","gender": 2,"age": 59,"profession": "Asset Management","contactNo": "1620082100499","emailId": "Phasellus.nulla.Integer@orci.ca","city": "Diyarbakır","state": "Diyarbakır","isActive": 1,"createdDate": "2017-01-22","UpdatedDate": "2017-11-27"}
{"custno": 70,"firstname": "Stone","lastname": "Wheeler","gender": 1,"age": 62,"profession": "Accounting","contactNo": "1600121533599","emailId": "erat@Proin.edu","city": "Falun","state": "Dalarnas län","isActive": 1,"createdDate": "2016-12-09","UpdatedDate": "2017-10-21"}
{"custno": 71,"firstname": "Adria","lastname": "Summers","gender": 1,"age": 34,"profession": "Quality Assurance","contactNo": "1643050989199","emailId": "sit.amet.metus@temporloremeget.edu","city": "Kraków","state": "MP","isActive": 1,"createdDate": "2017-03-23","UpdatedDate": "2018-05-08"}
{"custno": 72,"firstname": "Ronan","lastname": "Mccarty","gender": 2,"age": 24,"profession": "Finances","contactNo": "1608111689499","emailId": "ridiculus@facilisiSedneque.edu","city": "Vergemoli","state": "Toscana","isActive": 2,"createdDate": "2016-12-03","UpdatedDate": "2017-08-23"}
{"custno": 73,"firstname": "Jameson","lastname": "Barber","gender": 2,"age": 65,"profession": "Asset Management","contactNo": "1659101735499","emailId": "ac.eleifend.vitae@dictumProin.co.uk","city": "Ankara","state": "Ankara","isActive": 1,"createdDate": "2017-05-23","UpdatedDate": "2018-03-22"}
{"custno": 74,"firstname": "Elijah","lastname": "Kelley","gender": 2,"age": 63,"profession": "Advertising","contactNo": "1641073057299","emailId": "quam@dictumeu.net","city": "Saint-Lô","state": "Basse-Normandie","isActive": 2,"createdDate": "2017-03-23","UpdatedDate": "2018-05-31"}
{"custno": 75,"firstname": "Tallulah","lastname": "Cain","gender": 2,"age": 29,"profession": "Customer Service","contactNo": "1605112414699","emailId": "imperdiet.ornare@neceuismodin.com","city": "Mildura","state": "Victoria","isActive": 2,"createdDate": "2016-12-23","UpdatedDate": "2018-10-23"}
{"custno": 76,"firstname": "Price","lastname": "Zamora","gender": 1,"age": 58,"profession": "Finances","contactNo": "1613070349999","emailId": "pede@justo.com","city": "Valdivia","state": "Los Ríos","isActive": 2,"createdDate": "2017-04-30","UpdatedDate": "2018-06-08"}
{"custno": 77,"firstname": "Gil","lastname": "Randall","gender": 1,"age": 60,"profession": "Customer Relations","contactNo": "1689020499599","emailId": "dolor@Nunc.edu","city": "Ludvika","state": "Dalarnas län","isActive": 2,"createdDate": "2017-02-02","UpdatedDate": "2018-03-10"}
{"custno": 78,"firstname": "Unity","lastname": "Sloan","gender": 1,"age": 52,"profession": "Payroll","contactNo": "1649041369199","emailId": "est.arcu@nonmagnaNam.com","city": "Savona","state": "LIG","isActive": 2,"createdDate": "2017-05-22","UpdatedDate": "2017-08-24"}
{"custno": 79,"firstname": "Leah","lastname": "Barker","gender": 2,"age": 35,"profession": "Customer Service","contactNo": "1610032298499","emailId": "accumsan.neque@quispedeSuspendisse.net","city": "Birmingham","state": "Alabama","isActive": 2,"createdDate": "2017-02-16","UpdatedDate": "2018-05-27"}
{"custno": 80,"firstname": "Tashya","lastname": "Carter","gender": 1,"age": 29,"profession": "Tech Support","contactNo": "1629071264399","emailId": "est.ac.facilisis@nibhQuisque.co.uk","city": "Hamburg","state": "HH","isActive": 1,"createdDate": "2017-05-19","UpdatedDate": "2017-11-25"}
{"custno": 81,"firstname": "Jorden","lastname": "Reed","gender": 2,"age": 65,"profession": "Legal Department","contactNo": "1638061929199","emailId": "Nam.interdum.enim@sedleo.co.uk","city": "Napoli","state": "Campania","isActive": 1,"createdDate": "2017-02-06","UpdatedDate": "2017-07-28"}
{"custno": 82,"firstname": "Tatum","lastname": "Becker","gender": 1,"age": 37,"profession": "Customer Relations","contactNo": "1651102593399","emailId": "ligula.Nullam.enim@commodo.ca","city": "Colchane","state": "I","isActive": 1,"createdDate": "2017-03-07","UpdatedDate": "2017-12-12"}
{"custno": 83,"firstname": "Dante","lastname": "Emerson","gender": 2,"age": 29,"profession": "Research and Development","contactNo": "1630020284699","emailId": "tempor@lectusasollicitudin.ca","city": "Lexington","state": "Kentucky","isActive": 2,"createdDate": "2017-02-04","UpdatedDate": "2018-06-23"}
{"custno": 84,"firstname": "Nora","lastname": "Mejia","gender": 1,"age": 54,"profession": "Accounting","contactNo": "1616111184599","emailId": "dolor.dapibus.gravida@euismodindolor.edu","city": "Srinagar","state": "Jammu and Kashmir","isActive": 1,"createdDate": "2017-02-04","UpdatedDate": "2017-07-09"}
{"custno": 85,"firstname": "Dalton","lastname": "Wallace","gender": 2,"age": 27,"profession": "Legal Department","contactNo": "1655112630099","emailId": "amet@volutpatnunc.co.uk","city": "Perchtoldsdorf","state": "NÖ.","isActive": 2,"createdDate": "2017-03-01","UpdatedDate": "2018-05-07"}
{"custno": 86,"firstname": "August","lastname": "Humphrey","gender": 1,"age": 22,"profession": "Sales and Marketing","contactNo": "1670122283899","emailId": "quis@luctuslobortis.com","city": "Rzeszów","state": "Podkarpackie","isActive": 2,"createdDate": "2017-04-15","UpdatedDate": "2018-09-26"}
{"custno": 87,"firstname": "Leila","lastname": "Rios","gender": 1,"age": 31,"profession": "Customer Relations","contactNo": "1680011472699","emailId": "non@intempus.com","city": "Kitchener","state": "Ontario","isActive": 2,"createdDate": "2016-12-09","UpdatedDate": "2018-07-05"}
{"custno": 88,"firstname": "Robert","lastname": "Luna","gender": 1,"age": 56,"profession": "Research and Development","contactNo": "1681011904499","emailId": "primis@ipsum.com","city": "Baracaldo","state": "PV","isActive": 2,"createdDate": "2017-04-10","UpdatedDate": "2018-02-26"}
{"custno": 89,"firstname": "Ava","lastname": "Alvarez","gender": 1,"age": 23,"profession": "Finances","contactNo": "1625012696399","emailId": "quis@scelerisque.com","city": "Petrópolis","state": "RJ","isActive": 1,"createdDate": "2017-01-22","UpdatedDate": "2017-12-11"}
{"custno": 90,"firstname": "Samuel","lastname": "Deleon","gender": 2,"age": 63,"profession": "Legal Department","contactNo": "1652100889299","emailId": "felis@amet.net","city": "Wellington","state": "NI","isActive": 2,"createdDate": "2017-05-04","UpdatedDate": "2018-08-05"}
{"custno": 91,"firstname": "Noelle","lastname": "Barton","gender": 2,"age": 65,"profession": "Sales and Marketing","contactNo": "1651122644699","emailId": "nisi@a.edu","city": "Melton","state": "Victoria","isActive": 1,"createdDate": "2016-12-19","UpdatedDate": "2018-10-12"}
{"custno": 92,"firstname": "Rashad","lastname": "Buckner","gender": 2,"age": 39,"profession": "Advertising","contactNo": "1606071930499","emailId": "ullamcorper@Cumsociis.org","city": "Wilmington","state": "Delaware","isActive": 2,"createdDate": "2017-04-09","UpdatedDate": "2018-05-27"}
{"custno": 93,"firstname": "Naomi","lastname": "Olson","gender": 2,"age": 65,"profession": "Customer Relations","contactNo": "1654041199799","emailId": "sapien.imperdiet@Quisqueporttitoreros.co.uk","city": "Corby","state": "Northamptonshire","isActive": 1,"createdDate": "2017-04-16","UpdatedDate": "2018-04-12"}
{"custno": 94,"firstname": "Robin","lastname": "Solis","gender": 2,"age": 34,"profession": "Asset Management","contactNo": "1661012290799","emailId": "tellus.Nunc.lectus@neque.net","city": "Vienna","state": "Vienna","isActive": 2,"createdDate": "2017-04-21","UpdatedDate": "2018-04-22"}
{"custno": 95,"firstname": "Whitney","lastname": "Munoz","gender": 1,"age": 31,"profession": "Payroll","contactNo": "1619101342499","emailId": "semper.Nam.tempor@ultriciessem.org","city": "Jaboatão dos Guararapes","state": "PE","isActive": 2,"createdDate": "2017-05-27","UpdatedDate": "2018-06-28"}
{"custno": 96,"firstname": "Tanner","lastname": "Webster","gender": 1,"age": 29,"profession": "Accounting","contactNo": "1651102557499","emailId": "Maecenas.libero@Namacnulla.net","city": "Gloucester","state": "Ontario","isActive": 2,"createdDate": "2016-12-02","UpdatedDate": "2018-06-20"}
{"custno": 97,"firstname": "Tatiana","lastname": "Gates","gender": 2,"age": 54,"profession": "Advertising","contactNo": "1614113098499","emailId": "cursus@loremsit.net","city": "Bassano in Teverina","state": "LAZ","isActive": 1,"createdDate": "2017-03-09","UpdatedDate": "2018-10-05"}
{"custno": 98,"firstname": "Baxter","lastname": "Valenzuela","gender": 1,"age": 43,"profession": "Asset Management","contactNo": "1673011459999","emailId": "Donec.tincidunt.Donec@musProinvel.ca","city": "Ham-sur-Sambre","state": "Namen","isActive": 2,"createdDate": "2017-02-18","UpdatedDate": "2018-02-19"}
{"custno": 99,"firstname": "Chadwick","lastname": "Mcclure","gender": 2,"age": 42,"profession": "Payroll","contactNo": "1683050699999","emailId": "viverra@aarcuSed.org","city": "Dolembreux","state": "Luik","isActive": 1,"createdDate": "2017-05-02","UpdatedDate": "2017-08-08"}
{"custno": 100,"firstname": "Tate","lastname": "Booth","gender": 2,"age": 53,"profession": "Advertising","contactNo": "1601040792399","emailId": "tellus@adipiscing.edu","city": "Quilleco","state": "VII","isActive": 1,"createdDate": "2017-03-11","UpdatedDate": "2017-07-19"}