{"txnno":1,"txndate":"2018-07-31","custno":71,"amount":181,"productno":19,"spendby":2}
{"txnno":2,"txndate":"2017-04-02","custno":44,"amount":401,"productno":48,"spendby":2}
{"txnno":3,"txndate":"2018-01-31","custno":45,"amount":1808,"productno":44,"spendby":2}
{"txnno":4,"txndate":"2018-04-02","custno":62,"amount":65,"productno":22,"spendby":2}
{"txnno":5,"txndate":"2017-08-17","custno":88,"amount":1149,"productno":74,"spendby":2}
{"txnno":6,"txndate":"2018-04-20","custno":34,"amount":1693,"productno":10,"spendby":1}
{"txnno":7,"txndate":"2017-12-26","custno":57,"amount":147,"productno":14,"spendby":2}
{"txnno":8,"txndate":"2018-05-22","custno":2,"amount":1124,"productno":99,"spendby":1}
{"txnno":9,"txndate":"2018-04-26","custno":44,"amount":1551,"productno":78,"spendby":1}
{"txnno":10,"txndate":"2018-11-20","custno":49,"amount":1054,"productno":27,"spendby":1}
{"txnno":11,"txndate":"2018-07-10","custno":48,"amount":342,"productno":5,"spendby":1}
{"txnno":12,"txndate":"2018-01-02","custno":36,"amount":120,"productno":91,"spendby":1}
{"txnno":13,"txndate":"2018-07-30","custno":21,"amount":194,"productno":51,"spendby":2}
{"txnno":14,"txndate":"2017-02-23","custno":19,"amount":1852,"productno":89,"spendby":2}
{"txnno":15,"txndate":"2017-11-22","custno":32,"amount":391,"productno":95,"spendby":2}
{"txnno":16,"txndate":"2017-11-19","custno":31,"amount":606,"productno":34,"spendby":1}
{"txnno":17,"txndate":"2017-07-18","custno":29,"amount":1467,"productno":27,"spendby":2}
{"txnno":18,"txndate":"2017-09-05","custno":71,"amount":340,"productno":92,"spendby":2}
{"txnno":19,"txndate":"2017-04-02","custno":92,"amount":1153,"productno":25,"spendby":1}
{"txnno":20,"txndate":"2017-03-23","custno":88,"amount":958,"productno":53,"spendby":2}
{"txnno":21,"txndate":"2017-11-04","custno":57,"amount":1927,"productno":91,"spendby":1}
{"txnno":22,"txndate":"2018-01-17","custno":71,"amount":230,"productno":72,"spendby":2}
{"txnno":23,"txndate":"2018-02-13","custno":54,"amount":938,"productno":92,"spendby":1}
{"txnno":24,"txndate":"2017-03-30","custno":5,"amount":27,"productno":98,"spendby":1}
{"txnno":25,"txndate":"2018-08-02","custno":61,"amount":1870,"productno":65,"spendby":1}
{"txnno":26,"txndate":"2017-08-13","custno":70,"amount":739,"productno":14,"spendby":2}
{"txnno":27,"txndate":"2018-04-20","custno":15,"amount":1239,"productno":83,"spendby":1}
{"txnno":28,"txndate":"2017-09-12","custno":24,"amount":763,"productno":19,"spendby":1}
{"txnno":29,"txndate":"2018-11-06","custno":86,"amount":600,"productno":86,"spendby":2}
{"txnno":30,"txndate":"2018-10-11","custno":82,"amount":979,"productno":24,"spendby":1}
{"txnno":31,"txndate":"2017-07-08","custno":37,"amount":1641,"productno":7,"spendby":1}
{"txnno":32,"txndate":"2017-07-07","custno":77,"amount":623,"productno":77,"spendby":1}
{"txnno":33,"txndate":"2017-11-02","custno":81,"amount":1180,"productno":40,"spendby":2}
{"txnno":34,"txndate":"2018-05-07","custno":7,"amount":456,"productno":36,"spendby":2}
{"txnno":35,"txndate":"2018-09-24","custno":14,"amount":520,"productno":41,"spendby":1}
{"txnno":36,"txndate":"2017-07-22","custno":95,"amount":1466,"productno":7,"spendby":2}
{"txnno":37,"txndate":"2018-11-25","custno":46,"amount":346,"productno":63,"spendby":2}
{"txnno":38,"txndate":"2017-06-05","custno":36,"amount":1180,"productno":72,"spendby":1}
{"txnno":39,"txndate":"2017-06-01","custno":5,"amount":54,"productno":20,"spendby":1}
{"txnno":40,"txndate":"2018-11-25","custno":70,"amount":1569,"productno":17,"spendby":2}
{"txnno":41,"txndate":"2016-12-29","custno":93,"amount":1212,"productno":49,"spendby":1}
{"txnno":42,"txndate":"2018-05-25","custno":33,"amount":448,"productno":94,"spendby":2}
{"txnno":43,"txndate":"2018-04-19","custno":32,"amount":82,"productno":51,"spendby":1}
{"txnno":44,"txndate":"2018-06-13","custno":82,"amount":245,"productno":50,"spendby":1}
{"txnno":45,"txndate":"2017-08-23","custno":96,"amount":1452,"productno":6,"spendby":1}
{"txnno":46,"txndate":"2017-01-14","custno":32,"amount":446,"productno":88,"spendby":1}
{"txnno":47,"txndate":"2016-12-18","custno":89,"amount":717,"productno":87,"spendby":1}
{"txnno":48,"txndate":"2017-08-30","custno":50,"amount":938,"productno":90,"spendby":2}
{"txnno":49,"txndate":"2018-05-15","custno":88,"amount":1498,"productno":8,"spendby":1}
{"txnno":50,"txndate":"2018-10-19","custno":60,"amount":513,"productno":33,"spendby":1}
{"txnno":51,"txndate":"2018-06-29","custno":19,"amount":885,"productno":57,"spendby":2}
{"txnno":52,"txndate":"2017-04-24","custno":74,"amount":290,"productno":44,"spendby":1}
{"txnno":53,"txndate":"2017-04-14","custno":35,"amount":1772,"productno":47,"spendby":1}
{"txnno":54,"txndate":"2018-01-14","custno":57,"amount":106,"productno":99,"spendby":1}
{"txnno":55,"txndate":"2018-02-25","custno":52,"amount":595,"productno":6,"spendby":2}
{"txnno":56,"txndate":"2017-07-14","custno":19,"amount":1249,"productno":25,"spendby":2}
{"txnno":57,"txndate":"2018-01-14","custno":34,"amount":780,"productno":95,"spendby":1}
{"txnno":58,"txndate":"2017-10-19","custno":91,"amount":1156,"productno":45,"spendby":2}
{"txnno":59,"txndate":"2017-11-12","custno":87,"amount":1166,"productno":67,"spendby":1}
{"txnno":60,"txndate":"2018-07-15","custno":88,"amount":298,"productno":20,"spendby":2}
{"txnno":61,"txndate":"2017-06-08","custno":67,"amount":204,"productno":51,"spendby":2}
{"txnno":62,"txndate":"2017-02-12","custno":16,"amount":1241,"productno":24,"spendby":1}
{"txnno":63,"txndate":"2018-10-26","custno":25,"amount":1379,"productno":62,"spendby":1}
{"txnno":64,"txndate":"2018-06-27","custno":50,"amount":1456,"productno":61,"spendby":1}
{"txnno":65,"txndate":"2017-10-05","custno":34,"amount":579,"productno":2,"spendby":2}
{"txnno":66,"txndate":"2017-09-29","custno":96,"amount":1713,"productno":1,"spendby":1}
{"txnno":67,"txndate":"2017-10-09","custno":53,"amount":186,"productno":83,"spendby":1}
{"txnno":68,"txndate":"2018-07-16","custno":34,"amount":1955,"productno":26,"spendby":2}
{"txnno":69,"txndate":"2018-08-04","custno":22,"amount":309,"productno":27,"spendby":2}
{"txnno":70,"txndate":"2017-02-28","custno":11,"amount":34,"productno":82,"spendby":2}
{"txnno":71,"txndate":"2018-07-28","custno":36,"amount":15,"productno":99,"spendby":2}
{"txnno":72,"txndate":"2018-07-21","custno":59,"amount":1619,"productno":68,"spendby":1}
{"txnno":73,"txndate":"2017-07-26","custno":20,"amount":613,"productno":28,"spendby":2}
{"txnno":74,"txndate":"2018-07-05","custno":51,"amount":942,"productno":48,"spendby":1}
{"txnno":75,"txndate":"2017-01-22","custno":34,"amount":1636,"productno":97,"spendby":1}
{"txnno":76,"txndate":"2017-10-09","custno":33,"amount":1179,"productno":60,"spendby":1}
{"txnno":77,"txndate":"2017-09-29","custno":78,"amount":1534,"productno":21,"spendby":1}
{"txnno":78,"txndate":"2017-08-08","custno":50,"amount":477,"productno":76,"spendby":2}
{"txnno":79,"txndate":"2016-12-18","custno":10,"amount":170,"productno":30,"spendby":1}
{"txnno":80,"txndate":"2018-11-07","custno":77,"amount":1730,"productno":10,"spendby":2}
{"txnno":81,"txndate":"2018-10-12","custno":36,"amount":140,"productno":74,"spendby":1}
{"txnno":82,"txndate":"2017-08-24","custno":35,"amount":846,"productno":88,"spendby":1}
{"txnno":83,"txndate":"2018-10-25","custno":40,"amount":1869,"productno":76,"spendby":1}
{"txnno":84,"txndate":"2018-07-28","custno":45,"amount":1858,"productno":42,"spendby":2}
{"txnno":85,"txndate":"2017-06-21","custno":90,"amount":1726,"productno":93,"spendby":1}
{"txnno":86,"txndate":"2017-08-31","custno":68,"amount":980,"productno":90,"spendby":1}
{"txnno":87,"txndate":"2018-01-25","custno":56,"amount":1901,"productno":89,"spendby":1}
{"txnno":88,"txndate":"2018-03-07","custno":97,"amount":1299,"productno":52,"spendby":1}
{"txnno":89,"txndate":"2018-02-21","custno":56,"amount":1356,"productno":11,"spendby":2}
{"txnno":90,"txndate":"2017-12-16","custno":74,"amount":1463,"productno":3,"spendby":1}
{"txnno":91,"txndate":"2017-01-27","custno":80,"amount":1787,"productno":91,"spendby":1}
{"txnno":92,"txndate":"2018-05-22","custno":27,"amount":1375,"productno":8,"spendby":1}
{"txnno":93,"txndate":"2017-01-29","custno":27,"amount":1347,"productno":77,"spendby":2}
{"txnno":94,"txndate":"2017-05-09","custno":58,"amount":1643,"productno":21,"spendby":1}
{"txnno":95,"txndate":"2017-11-24","custno":34,"amount":390,"productno":30,"spendby":2}
{"txnno":96,"txndate":"2017-02-14","custno":81,"amount":124,"productno":29,"spendby":1}
{"txnno":97,"txndate":"2017-11-16","custno":2,"amount":672,"productno":78,"spendby":1}
{"txnno":98,"txndate":"2018-08-14","custno":43,"amount":538,"productno":61,"spendby":1}
{"txnno":99,"txndate":"2017-05-06","custno":74,"amount":1856,"productno":95,"spendby":2}
{"txnno":100,"txndate":"2017-08-28","custno":85,"amount":273,"productno":99,"spendby":2}